{
  "menu1": [
    {
      "url": "/contacts",
      "name": "Contacts",
      "icon": "menu-icon tf-icons bx bx-user",
      "slug": "Contacts"
    }
  ],
  "menu": [{
    "url": "/sanction",
    "name": "Sanction",
    "icon": "menu-icon tf-icons bx bx-message",
    "slug": "Sanction"
},{
  "url": "/contacts",
  "name": "Contacts",
  "icon": "menu-icon tf-icons bx bx-user",
  "slug": "Contacts"
},
{
  "url": "/disbursements",
  "name": "Disbursement",
  "icon": "menu-icon tf-icons bx bx-task",
  "slug": "Disbursement"
},

{
  "name": "Setting",
  "icon": "menu-icon tf-icons bx bx-detail",
  "slug": "setting",
  "submenu": [
    {
      "url": "/manage_role",
      "name": "manage_role",
      "slug": "manage_role"
    }
  ]
}
],  
  "menu2": [
    {
      "url": "/disbursements",
      "name": "Disbursement",
      "icon": "menu-icon tf-icons bx bx-task",
      "slug": "Disbursement"
    }
  ]
}
